time_s,T1_C,T2_C,T3_C,T4_C,T5_C,T6_C
0,26.55,26.19,25.75,25.48,26.10,25.93
2,26.55,26.19,25.75,25.48,26.10,26.02
4,26.64,26.19,25.75,25.40,26.10,26.02
6,26.73,26.19,25.75,25.48,26.10,25.93
8,26.91,26.19,25.75,25.48,26.10,25.84
10,27.17,26.19,25.75,25.48,26.10,25.93
12,27.53,26.19,25.75,25.48,26.10,25.93
14,27.89,26.19,25.75,25.48,26.10,25.75
16,28.34,26.19,25.75,25.40,26.02,25.75
18,28.80,26.28,25.84,25.48,26.02,25.75
20,29.34,26.28,25.84,25.48,26.10,25.75
22,29.71,26.28,25.84,25.48,26.02,25.66
24,30.26,26.37,25.93,25.48,26.10,25.57
26,30.82,26.37,25.93,25.48,26.10,25.31
28,31.38,26.37,25.93,25.48,26.10,25.31
30,31.85,26.46,26.02,25.40,26.10,25.04
32,32.41,26.46,26.10,25.40,26.10,25.13
34,32.89,26.46,26.19,25.48,26.10,25.13
36,33.46,26.55,26.19,25.40,26.02,25.04
38,33.95,26.55,26.37,25.48,26.02,25.13
40,34.53,26.55,26.37,25.48,26.10,25.04
42,35.02,26.64,26.46,25.48,26.02,25.22
44,35.51,26.73,26.64,25.40,26.02,25.13
46,36.01,26.73,26.73,25.48,26.02,25.22
48,36.51,26.73,26.82,25.48,26.02,25.13
51,37.02,26.82,26.91,25.48,26.02,25.13
53,37.43,26.91,26.99,25.48,26.02,25.40
55,37.94,26.91,27.17,25.40,26.02,25.48
57,38.36,26.99,27.26,25.48,26.02,25.57
59,38.77,27.08,27.35,25.40,26.02,25.57
61,39.30,27.08,27.44,25.48,26.02,25.40
63,39.73,27.17,27.62,25.48,26.02,25.40
65,40.15,27.26,27.71,25.31,26.10,25.57
67,40.59,27.35,27.80,25.48,26.19,25.66
69,41.02,27.35,27.89,25.48,26.10,25.66
71,41.46,27.44,27.98,25.48,26.10,25.57
73,41.79,27.53,28.16,25.48,26.02,25.48
75,42.24,27.53,28.25,25.48,26.02,25.48
77,42.57,27.62,28.34,25.48,26.10,25.31
79,42.91,27.71,28.43,25.48,26.02,25.31
81,43.26,27.80,28.61,25.48,26.02,25.40
83,43.72,27.80,28.71,25.48,26.10,25.22
85,44.06,27.89,28.80,25.48,26.02,25.22
87,44.41,27.98,28.89,25.57,26.02,25.31
89,44.77,28.07,29.07,25.48,26.02,25.40
91,45.00,28.16,29.16,25.57,26.10,25.31
93,45.36,28.16,29.25,25.57,26.02,25.31
95,45.60,28.25,29.34,25.57,26.02,25.22
97,45.72,28.34,29.43,25.57,26.02,25.31
99,45.96,28.43,29.62,25.57,26.02,25.31
101,46.20,28.52,29.71,25.57,26.02,25.40
103,46.45,28.52,29.71,25.57,26.02,25.22
105,46.69,28.61,29.89,25.57,26.02,25.22
108,46.82,28.71,29.99,25.57,26.02,25.31
110,47.06,28.80,30.08,25.57,26.02,25.31
112,47.31,28.89,30.17,25.66,26.02,25.31
114,47.56,28.98,30.26,25.66,26.02,25.40
116,47.69,28.98,30.45,25.66,26.10,25.48
118,47.94,29.07,30.54,25.66,26.10,25.48
120,48.20,29.16,30.63,25.66,26.02,25.57
122,48.32,29.25,30.72,25.75,26.02,25.57
124,48.58,29.34,30.82,25.75,26.02,25.48
126,48.84,29.34,30.91,25.66,26.10,25.48
128,48.97,29.43,31.10,25.66,26.10,25.48
130,49.23,29.53,31.19,25.66,26.10,25.48
132,49.36,29.62,31.28,25.75,26.02,25.66
134,49.75,29.71,31.38,25.75,26.10,25.93
136,49.89,29.80,31.47,25.75,26.02,25.57
138,50.15,29.89,31.56,25.75,26.10,25.66
140,50.29,29.99,31.75,25.75,26.10,25.40
142,50.55,30.08,31.75,25.75,26.10,25.31
144,50.82,30.08,31.94,25.75,26.10,25.40
146,51.10,30.17,32.03,25.84,26.10,25.31
148,51.23,30.26,32.13,25.84,26.10,25.40
150,51.51,30.35,32.22,25.84,26.10,25.40
152,51.65,30.45,32.32,25.84,26.10,25.40
154,51.92,30.54,32.41,25.84,26.10,25.48
156,52.06,30.63,32.51,25.84,26.10,25.31
158,52.34,30.72,32.60,25.93,26.10,25.40
160,52.49,30.72,32.79,25.93,26.10,25.40
162,52.63,30.82,32.89,25.93,26.10,25.40
165,52.91,30.91,32.98,25.93,26.10,25.22
167,53.06,31.00,32.98,25.93,26.10,25.31
169,53.34,31.10,33.27,25.93,26.10,25.31
171,53.49,31.19,33.27,26.02,26.10,25.31
173,53.78,31.28,33.37,26.02,26.19,25.22
175,53.93,31.38,33.46,26.02,26.19,25.22
177,54.07,31.38,33.56,26.02,26.10,25.22
179,54.22,31.47,33.66,26.02,26.19,25.31
181,54.52,31.56,33.75,26.02,26.19,25.31
183,54.67,31.66,33.85,26.10,26.02,25.31
185,54.82,31.75,33.95,26.10,26.19,25.31
187,54.97,31.85,34.14,26.10,26.19,24.25
189,55.12,31.85,34.14,26.10,26.19,25.31
191,55.42,31.94,34.24,26.10,26.19,25.31
193,55.57,32.03,34.33,26.10,26.19,25.22
195,55.73,32.13,34.43,26.19,26.19,25.22
197,55.88,32.22,34.53,26.19,26.19,25.31
199,56.03,32.32,34.63,26.19,26.19,25.31
201,56.03,32.32,34.63,26.19,26.28,25.22
203,56.19,32.41,34.73,26.19,26.19,25.31
205,56.34,32.51,34.82,26.19,26.28,25.13
207,56.50,32.60,34.82,26.28,26.28,25.04
209,56.66,32.70,34.92,26.28,26.28,25.13
211,56.82,32.79,35.02,26.28,26.28,25.13
213,56.82,32.89,35.12,26.28,26.28,25.22
215,56.97,32.89,35.12,26.37,26.28,25.22
217,57.13,32.98,35.22,26.28,26.28,25.22
219,57.29,33.08,35.32,26.37,26.28,25.22
222,57.45,33.18,35.42,26.37,26.37,25.31
224,57.61,33.27,35.51,26.37,26.37,25.31
226,57.78,33.37,35.61,26.37,26.37,25.31
228,57.94,33.37,35.61,26.37,26.28,25.40
230,58.10,33.46,35.71,26.46,26.37,25.40
232,58.27,33.56,35.81,26.46,26.37,25.40
234,58.43,33.66,35.91,26.46,26.37,25.31
236,58.43,33.75,35.91,26.46,26.37,25.40
238,58.60,33.75,36.01,26.55,26.37,25.40
240,58.76,33.85,36.11,26.55,26.37,25.48
242,58.93,33.95,36.21,26.55,26.37,25.75
244,59.10,34.04,36.31,26.55,26.37,25.93
246,59.10,34.14,36.41,26.55,26.28,25.84
248,59.27,34.14,36.41,26.64,26.46,25.93
250,59.43,34.24,36.51,26.64,26.46,25.84
252,59.60,34.33,36.62,26.64,26.46,25.66
254,59.60,34.43,36.72,26.64,26.46,25.75
256,59.78,34.43,36.72,26.64,26.46,25.75
258,59.95,34.53,36.82,26.73,26.55,25.66
260,60.12,34.63,36.92,26.73,26.46,25.75
262,60.29,34.73,37.02,26.73,26.55,25.75
264,60.47,34.82,37.02,26.73,26.55,25.75
266,60.64,34.82,37.12,26.82,26.55,25.66
268,60.64,34.92,37.22,26.82,26.37,25.48
270,60.82,35.02,37.22,26.82,26.55,25.66
272,60.99,35.12,37.33,26.82,26.55,25.48
274,61.17,35.12,37.43,26.82,26.55,25.66
276,61.17,35.22,37.53,26.91,26.55,25.75
278,61.35,35.32,37.63,26.91,26.55,25.66
281,61.53,35.42,37.63,26.91,26.55,25.31
283,61.71,35.42,37.74,26.91,26.55,25.40
285,61.71,35.51,37.84,26.91,26.55,25.40
287,61.89,35.61,37.84,26.99,26.64,25.40
289,61.89,35.71,37.94,26.99,26.55,25.40
291,62.07,35.71,37.94,26.99,26.64,25.31
293,62.26,35.81,38.05,27.08,26.64,25.31
295,62.26,35.91,38.15,26.99,26.64,25.40
297,62.44,36.01,38.25,26.99,26.64,25.31
299,62.44,36.01,38.36,27.08,26.73,25.31
301,62.62,36.11,38.36,27.08,26.73,25.40
303,62.81,36.21,38.46,27.08,26.64,25.40
305,62.81,36.21,38.46,27.17,26.64,25.40
307,63.00,36.31,38.57,27.08,26.64,25.40
309,63.00,36.41,38.67,27.17,26.73,25.48
311,63.18,36.51,38.67,27.17,26.73,25.48
313,63.37,36.51,38.77,27.17,26.73,25.57
315,63.37,36.72,38.77,27.17,26.73,25.66
317,63.56,36.72,38.88,27.17,26.73,25.66
319,63.56,36.82,38.98,27.26,26.73,25.66
321,63.56,36.82,38.98,27.26,26.73,25.66
323,63.75,36.92,39.09,27.26,26.82,25.57
325,63.94,37.02,39.20,27.26,26.82,25.57
327,64.14,37.02,39.20,27.35,26.82,25.57
329,64.14,37.12,39.30,27.35,26.82,25.57
331,64.33,37.22,39.41,27.35,26.82,25.57
333,64.33,37.33,39.41,27.35,26.91,25.40
335,64.53,37.33,39.51,27.35,26.82,25.57
338,64.72,37.43,39.51,27.35,26.82,25.66
340,64.72,37.53,39.62,27.44,26.82,25.66
342,64.72,37.53,39.62,27.44,26.91,25.66
344,64.92,37.63,39.73,27.44,26.91,25.66
346,65.12,37.74,39.83,27.53,26.91,25.75
348,65.12,37.74,39.83,27.53,26.91,25.84
350,65.12,37.84,39.94,27.53,26.91,25.75
352,65.32,37.94,39.94,27.53,26.91,25.66
354,65.52,37.94,40.05,27.53,26.91,25.57
356,65.52,38.05,40.15,27.53,26.99,25.48
358,65.52,38.15,40.15,27.62,26.99,25.48
360,65.72,38.25,40.26,27.62,26.91,25.48
362,65.72,38.25,40.26,27.62,26.99,25.48
364,65.72,38.36,40.37,27.62,26.99,25.48
366,65.92,38.36,40.37,27.71,26.99,25.48
368,65.92,38.46,40.48,27.71,26.99,25.66
370,66.13,38.57,40.48,27.71,27.08,25.66
372,66.13,38.57,40.59,27.71,27.08,25.66
374,66.33,38.67,40.59,27.71,27.08,25.75
376,66.33,38.67,40.69,27.80,27.08,25.66
378,66.54,38.77,40.80,27.80,27.08,25.66
380,66.54,38.77,40.80,27.80,27.08,25.66
382,66.75,38.88,40.91,27.80,27.08,25.75
384,66.75,38.98,40.91,27.89,27.17,25.66
386,66.95,39.09,41.02,27.89,27.08,25.66
388,66.95,39.09,41.02,27.89,27.17,25.66
390,67.16,39.20,41.13,27.89,27.17,25.57
392,66.95,39.20,41.13,27.89,27.17,25.48
395,67.16,39.30,41.24,27.98,27.17,25.57
397,67.16,39.41,41.24,27.98,27.08,25.48
399,67.38,39.41,41.35,27.98,27.17,25.48
401,67.38,39.62,41.35,27.98,27.44,25.48
403,67.38,39.62,41.46,27.98,27.26,25.57
405,67.59,39.62,41.57,28.07,27.26,25.57
407,67.59,39.73,41.57,27.98,27.26,25.66
409,67.80,39.83,41.57,28.07,27.26,25.75
411,67.80,39.83,41.68,28.07,27.26,25.75
413,68.02,39.94,41.79,28.07,27.35,25.57
415,68.02,39.94,41.79,28.16,27.35,25.57
417,68.23,40.05,41.79,28.07,27.35,25.75
419,68.23,40.15,41.90,28.16,27.35,25.75
421,68.23,40.15,42.01,28.16,27.35,25.66
423,68.45,40.26,42.01,28.25,27.44,25.66
425,68.45,40.26,42.01,28.25,27.44,25.57
427,68.45,40.37,42.13,28.34,27.44,25.57
429,68.67,40.37,42.13,28.25,27.44,25.66
431,68.67,40.48,42.24,28.34,27.53,25.66
433,68.67,40.59,42.24,28.34,27.53,25.57
435,68.89,40.59,42.35,28.34,27.44,25.57
437,68.89,40.69,42.35,28.34,27.53,25.40
439,69.12,40.69,42.46,28.43,27.53,25.22
441,69.12,40.80,42.46,28.43,27.53,25.57
443,69.12,40.80,42.46,28.43,27.53,25.31
445,69.12,40.91,42.57,28.43,27.53,25.31
447,69.34,40.91,42.57,28.43,27.62,25.31
449,69.34,41.02,42.69,28.52,27.62,25.31
452,69.34,41.13,42.80,28.52,27.62,25.31
454,69.57,41.13,42.80,28.52,27.62,25.31
456,69.57,41.24,42.80,28.52,27.62,25.31
458,69.79,41.35,42.91,28.61,27.71,25.31
460,69.79,41.35,42.91,28.61,27.71,25.31
462,69.79,41.35,42.91,28.61,27.62,25.31
464,70.02,41.46,43.03,28.61,27.71,25.40
466,70.02,41.57,43.14,28.71,27.71,25.22
468,70.02,41.57,43.14,28.71,27.71,25.48
470,70.02,41.68,43.14,28.71,27.71,25.57
472,70.25,41.68,43.26,28.80,27.71,25.57
474,70.25,41.79,43.26,28.71,27.80,25.66
476,70.48,41.79,43.37,28.80,27.80,25.57
478,70.25,41.90,43.37,28.80,27.80,25.66
480,70.48,41.90,43.48,28.80,27.80,25.57
482,70.48,42.01,43.48,28.80,27.80,25.84
484,70.72,42.01,43.48,28.80,27.80,25.84
486,70.72,42.13,43.60,28.89,27.89,25.75
488,70.72,42.13,43.60,28.89,27.80,25.75
490,70.95,42.24,43.60,28.89,27.89,25.84
492,70.72,42.24,43.72,28.89,27.89,25.75
494,70.95,42.35,43.72,28.98,27.89,25.75
496,70.95,42.35,43.83,28.98,27.89,25.75
498,71.19,42.46,43.83,28.98,27.89,25.66
500,71.19,42.46,43.95,28.98,27.89,25.75
502,70.95,42.57,43.95,28.98,27.89,25.66
504,71.19,42.57,43.95,29.07,27.98,25.66
506,71.42,42.69,43.95,29.07,27.98,25.66
509,71.42,42.69,44.06,29.07,27.44,25.57
511,71.42,42.80,44.06,29.07,27.98,25.57
513,71.42,42.80,44.18,29.16,27.98,25.57
515,71.66,42.91,44.18,29.16,27.98,25.75
517,71.66,42.91,44.18,29.16,27.98,25.57
519,71.66,43.03,44.30,29.16,28.07,25.57
521,71.66,43.03,44.30,29.16,28.07,25.57
523,71.66,43.14,44.30,29.16,28.07,25.66
525,71.90,43.14,44.41,29.25,28.07,25.57
527,71.90,43.26,44.41,29.25,28.07,25.57
529,71.90,43.26,44.41,29.25,28.16,25.57
531,72.15,43.14,44.53,29.25,28.07,25.48
533,72.15,43.37,44.53,29.34,28.16,25.57
535,72.15,43.37,44.65,29.34,28.16,25.48
537,72.15,43.48,44.65,29.34,28.16,25.57
539,72.15,43.60,44.65,29.34,28.16,25.75
541,72.39,43.60,44.77,29.34,28.16,25.66
543,72.39,43.72,44.77,29.43,28.16,25.66
545,72.39,43.72,44.88,29.43,28.16,25.48
547,72.64,43.83,44.88,29.43,28.25,25.57
549,72.64,43.83,44.88,29.43,28.25,25.57
551,72.64,43.83,45.00,29.43,28.25,25.75
553,72.64,43.95,45.00,29.43,28.25,25.75
555,72.89,43.95,45.12,29.53,28.25,25.84
557,72.89,44.06,45.12,29.53,28.25,25.93
559,72.89,44.06,45.12,29.53,28.25,26.02
561,72.89,44.18,45.24,29.53,28.25,25.93
563,73.14,44.18,45.24,29.62,28.34,25.84
566,73.14,44.30,45.24,29.62,28.34,25.84
568,73.14,44.30,45.36,29.62,28.34,25.84
570,73.14,44.41,45.36,29.62,28.34,25.75
572,73.14,44.41,45.48,29.71,28.43,25.75
574,73.39,44.41,45.48,29.71,28.43,25.75
576,73.39,44.53,45.48,29.71,28.43,25.75
578,73.14,44.53,45.60,29.80,28.52,25.75
580,73.14,44.65,45.60,29.71,28.43,25.75
582,73.14,44.65,45.60,29.80,28.43,25.84
584,73.14,44.77,45.60,29.80,28.43,25.75
586,72.89,44.77,45.72,29.80,28.71,25.66
588,72.89,44.88,45.72,29.89,28.52,25.75
590,73.14,44.88,45.72,29.80,28.43,25.75
592,72.89,45.00,45.72,29.89,28.52,25.75
594,73.14,45.00,45.72,29.89,28.52,25.75
596,73.14,45.00,45.84,29.89,28.52,25.75
598,73.14,45.12,45.84,29.89,28.61,25.75
600,73.14,45.12,45.84,30.08,28.52,25.93
602,73.14,45.24,45.84,29.99,28.52,25.93
604,73.14,45.24,45.84,29.99,28.61,25.84
606,73.14,45.24,45.96,29.99,28.61,25.84
608,73.39,45.36,45.96,29.99,28.61,25.84
610,73.39,45.36,45.96,30.08,28.61,25.75
612,73.39,45.36,46.08,30.08,28.61,25.75
614,73.39,45.48,46.08,30.08,28.61,25.75
616,73.64,45.48,46.08,30.08,28.71,25.66
618,73.64,45.60,46.20,30.08,28.71,25.66
620,73.39,45.60,46.20,30.17,28.61,25.75
622,73.64,45.72,46.20,30.17,28.71,25.75
625,73.64,45.72,46.20,30.17,28.71,25.75
627,73.64,45.72,46.33,30.17,28.71,25.84
629,73.64,45.84,46.33,30.17,28.71,25.84
631,73.90,45.84,46.33,30.26,28.80,25.84
633,73.64,45.96,46.45,30.26,28.80,25.84
635,73.64,45.96,46.45,30.26,28.80,25.84
637,73.90,46.08,46.45,30.26,28.80,25.84
639,73.90,46.08,46.57,30.35,28.80,25.84
641,74.16,46.08,46.57,30.35,28.80,25.75
643,74.16,46.20,46.57,30.35,28.80,25.84
645,74.16,46.20,46.57,30.35,28.80,25.93
647,74.16,46.20,46.69,30.35,28.89,25.84
649,74.42,46.33,46.69,30.45,28.89,25.75
651,74.16,46.33,46.69,30.45,28.89,25.93
653,74.42,46.33,46.69,30.45,28.89,25.84
655,74.42,46.45,46.82,30.45,28.89,25.75
657,74.42,46.45,46.82,30.45,28.89,25.75
659,74.42,46.57,46.82,30.45,28.89,26.02
661,74.68,46.57,46.94,30.54,28.89,25.75
663,74.68,46.57,46.94,30.54,28.98,25.75
665,74.68,46.69,47.19,30.54,28.98,25.84
667,74.42,46.69,47.06,30.54,28.98,25.75
669,74.68,46.82,46.94,30.63,28.98,26.19
671,74.68,46.82,47.06,30.63,28.98,25.75
673,74.94,46.82,47.06,30.63,28.98,25.84
675,74.94,46.94,47.06,30.63,28.98,25.93
677,74.94,46.94,47.19,30.63,28.98,25.93
679,74.94,46.94,47.19,30.72,28.98,25.93
682,74.94,47.06,47.31,30.72,28.98,26.02
684,74.94,47.06,47.31,30.82,29.07,25.93
686,75.21,47.06,47.31,30.72,29.07,25.93
688,75.21,47.19,47.31,30.72,29.07,25.84
690,75.21,47.19,47.44,30.63,29.16,25.84
692,75.21,47.31,47.44,30.72,29.16,25.84
694,75.21,47.31,47.44,30.82,29.16,25.84
696,75.48,47.44,47.56,30.82,29.16,25.84
698,75.48,47.44,47.56,30.82,29.16,25.84
700,75.48,47.44,47.56,30.82,29.16,26.19
702,75.48,47.44,47.56,30.91,29.16,25.84
704,75.48,47.56,47.69,30.91,29.25,25.84
706,75.75,47.69,47.69,30.91,29.25,26.02
708,75.48,47.69,47.69,30.91,29.25,26.02
710,75.75,47.69,47.69,30.91,29.25,25.93
712,75.75,47.69,47.82,31.00,29.25,25.93
714,75.75,47.69,47.82,31.00,29.34,25.93
716,76.02,47.82,47.82,31.00,29.34,25.93
718,75.75,47.82,47.82,31.00,29.25,25.84
720,76.02,47.94,47.94,31.00,29.34,25.84
722,76.02,47.94,47.94,31.10,29.34,25.75
724,76.02,47.94,47.94,31.10,29.34,25.84
726,76.02,48.07,48.07,31.10,29.34,25.31
728,76.02,48.07,48.07,31.10,29.34,26.28
730,76.02,48.07,48.20,31.10,29.34,25.93
732,76.30,48.20,48.20,31.19,29.34,25.75
734,76.30,48.20,48.20,31.19,29.34,25.75
736,76.30,48.20,48.32,31.19,29.43,25.84
739,76.30,48.20,48.20,31.19,29.25,25.93
741,76.57,48.32,48.32,31.28,29.43,25.93
743,76.57,48.32,48.32,31.28,29.43,25.93
745,76.57,48.45,48.32,31.28,29.43,25.93
747,76.57,48.45,48.45,31.28,29.53,25.93
749,76.57,48.45,48.45,31.28,29.53,25.93
751,76.57,48.58,48.45,31.38,29.53,25.93
753,76.57,48.58,48.45,31.28,29.53,25.93
755,76.57,48.58,48.58,31.38,29.53,25.93
757,76.85,48.58,48.58,31.38,29.53,25.84
759,76.85,48.71,48.58,31.38,29.62,25.75
761,77.14,48.84,48.58,31.38,29.53,25.84
763,76.85,48.71,48.58,31.38,29.62,25.84
765,76.85,48.84,48.71,31.47,29.53,25.75
767,76.85,48.84,48.71,31.47,29.53,25.75
769,76.85,48.97,48.71,31.47,29.62,25.75
771,77.14,48.97,48.84,31.47,29.62,25.84
773,77.14,48.97,48.84,31.56,29.62,25.84
775,77.14,48.97,48.84,31.47,29.62,25.84
777,77.14,49.10,48.84,31.56,29.62,25.84
779,77.42,49.10,48.84,31.47,29.62,25.84
781,77.14,49.10,48.97,31.56,29.71,25.84
783,77.42,49.23,48.97,31.56,29.62,25.84
785,77.42,49.23,48.97,31.66,29.71,25.84
787,77.42,49.36,48.97,31.66,29.62,25.93
789,77.42,49.36,48.97,31.66,29.71,25.93
791,77.42,49.36,48.97,31.66,29.62,25.93
793,77.71,49.36,49.10,31.66,29.71,25.84
796,77.71,49.49,49.10,31.66,29.71,25.75
798,77.42,49.49,49.10,31.75,29.71,25.84
800,77.71,49.49,49.10,31.75,29.80,25.84
802,77.71,49.62,49.10,31.75,29.71,25.84
804,77.71,49.62,49.23,31.75,29.71,25.93
806,77.71,49.62,49.36,31.75,29.80,25.93
808,78.00,49.62,49.23,31.85,29.80,26.02
810,78.00,49.75,49.23,31.85,29.89,26.10
812,78.00,49.75,49.23,31.85,29.89,26.19
814,78.00,49.75,49.36,31.85,29.89,26.19
816,78.00,49.75,49.36,31.85,29.89,26.19
818,78.00,49.89,49.36,31.94,29.89,26.19
820,78.00,49.89,49.49,31.94,29.89,26.10
822,78.29,49.89,49.49,31.94,29.89,26.02
824,78.00,50.02,49.49,31.94,29.89,25.93
826,78.00,50.02,49.62,31.94,29.89,26.10
828,78.29,50.02,49.62,32.03,29.99,25.93
830,78.29,50.15,49.62,32.03,29.99,26.10
832,78.29,50.15,49.62,32.03,29.89,26.02
834,78.29,50.15,49.75,32.03,29.99,26.02
836,78.29,50.29,49.75,32.03,30.08,26.19
838,78.58,50.29,49.75,32.13,29.99,26.10
840,78.29,50.29,49.75,32.13,30.08,26.02
842,78.29,50.42,49.89,32.13,30.08,26.10
844,78.58,50.29,49.75,32.13,30.08,25.93
846,78.58,50.42,49.89,32.13,30.08,25.93
848,78.58,50.42,49.89,32.22,30.08,25.84
850,78.58,50.42,49.89,32.22,30.08,25.66
853,78.58,50.55,49.89,32.22,30.08,26.02
855,78.58,50.55,50.02,32.22,30.08,26.19
857,78.58,50.55,50.02,32.22,30.08,26.10
859,78.58,50.69,50.02,32.32,30.08,26.02
861,78.58,50.69,50.02,32.22,30.08,24.96
863,78.58,50.69,50.02,32.32,30.08,25.75
865,78.88,50.69,50.02,32.32,30.17,26.02
867,78.88,50.82,50.15,32.32,30.17,26.02
869,78.88,50.82,50.15,32.32,30.17,26.02
871,78.88,50.82,50.15,32.32,30.17,26.10
873,79.18,50.96,50.15,32.41,30.17,25.93
875,78.88,50.96,50.15,32.32,30.17,25.93
877,79.18,50.96,50.15,32.41,30.26,26.02
879,79.18,50.96,50.15,32.41,30.26,26.02
881,79.18,50.96,50.29,32.41,30.26,26.02
883,79.18,51.10,50.29,32.41,30.26,26.10
885,79.18,51.10,50.42,32.51,30.26,26.10
887,79.18,51.23,50.42,32.51,30.26,25.93
889,79.48,51.23,50.55,32.51,30.35,25.93
891,79.48,51.23,50.55,32.51,30.35,26.02
893,79.48,51.23,50.55,32.51,30.26,25.93
895,79.48,51.23,50.55,32.51,30.26,26.02
897,79.48,51.37,50.55,32.60,30.35,26.02
899,79.48,51.37,50.69,32.60,30.35,26.10
901,79.79,51.37,50.69,32.60,30.35,26.02
903,79.79,51.51,50.69,32.60,30.35,26.02
905,79.79,51.51,50.69,32.60,30.35,25.93
907,79.79,51.51,50.82,32.60,30.45,25.93
909,79.79,51.51,50.82,32.60,30.45,25.93
912,80.09,51.65,50.82,32.70,30.45,26.02
914,79.79,51.65,50.96,32.70,30.45,26.02
916,79.79,51.65,50.96,32.70,30.45,26.02
918,80.09,51.65,50.96,32.70,30.45,25.93
920,80.09,51.79,50.96,32.70,30.45,26.02
922,80.09,51.79,50.96,32.70,30.45,26.10
924,80.09,51.79,50.82,32.70,30.45,25.93
926,80.09,51.79,50.96,32.79,30.45,26.10
928,80.09,51.79,50.96,32.79,30.45,26.19
930,80.09,51.92,50.96,32.79,30.45,25.93
932,80.41,51.92,51.10,32.79,30.54,25.93
934,80.09,51.92,51.10,32.79,30.54,26.10
936,80.41,51.92,51.10,32.89,30.54,26.10
938,80.41,52.06,51.10,32.89,30.54,26.10
940,80.41,52.06,51.23,32.89,30.54,26.10
942,80.41,52.06,51.23,32.89,30.54,26.19
944,80.41,52.20,51.23,32.89,30.54,26.19
946,80.72,52.20,51.23,32.89,30.63,26.19
948,80.41,52.20,51.37,32.89,30.63,26.19
950,80.72,52.34,51.37,32.89,30.63,26.19
952,80.72,52.20,51.37,32.98,30.63,26.19
954,80.72,52.20,51.51,32.98,30.63,26.10
956,80.72,52.34,51.51,32.98,30.72,26.10
958,80.72,52.34,51.51,32.98,30.63,26.10
960,80.72,52.34,51.51,33.08,30.63,26.19
962,80.72,52.49,51.51,33.08,30.63,26.19
964,81.04,52.49,51.51,33.08,30.63,26.19
966,81.04,52.49,51.37,32.98,30.63,26.28
969,80.72,52.49,51.51,33.08,30.72,26.19
971,81.04,52.63,51.51,33.08,30.72,26.28
973,81.04,52.63,51.51,33.18,30.72,26.28
975,81.04,52.63,51.51,33.18,30.72,26.37
977,81.04,52.63,51.65,33.18,30.72,26.28
979,81.04,52.63,51.65,33.18,30.72,26.28
981,81.04,52.77,51.65,33.18,30.72,26.37
983,81.04,52.77,51.65,33.18,30.72,26.28
985,81.04,52.77,51.65,33.18,30.82,26.10
987,81.04,52.77,51.65,33.27,30.72,26.10
989,81.36,52.77,51.79,33.27,30.82,26.19
991,81.04,52.91,51.79,33.27,30.82,26.10
993,81.36,52.91,51.79,33.27,30.82,26.10
995,81.36,52.91,51.79,33.27,30.82,26.02
997,81.36,52.91,51.79,33.37,30.82,26.10
999,81.36,53.06,51.79,33.27,30.72,26.10
1001,81.04,53.06,51.79,33.27,30.82,26.10
1003,81.36,53.06,51.79,33.27,30.91,26.10
1005,81.36,53.06,51.79,33.37,30.91,26.10
1007,81.36,53.06,51.79,33.37,30.91,26.28
1009,81.36,53.20,51.79,33.37,31.00,26.28
1011,81.36,53.20,51.92,33.37,30.91,26.28
1013,81.68,53.20,51.92,33.37,30.91,26.28
1015,81.68,53.20,51.92,33.56,30.91,26.19
1017,81.68,53.20,51.92,33.37,30.91,26.19
1019,81.68,53.34,51.92,33.46,31.00,26.10
1021,81.68,53.34,52.06,33.46,31.28,26.19
1023,81.68,53.34,52.06,33.46,31.00,26.19
1026,81.68,53.34,52.06,33.46,31.00,26.19
1028,82.01,53.49,52.06,33.46,30.91,26.02
1030,81.68,53.49,52.06,33.46,31.00,26.10
1032,82.01,53.49,52.06,33.46,31.00,26.02
1034,81.68,53.49,52.20,33.56,31.00,26.10
1036,82.01,53.49,52.20,33.56,31.00,26.02
1038,82.01,53.63,52.20,33.56,31.00,26.19
1040,82.01,53.63,52.34,33.56,31.00,26.10
1042,82.01,53.63,52.34,33.56,31.00,26.10
1044,82.01,53.63,52.34,33.56,31.00,26.10
1046,82.01,53.78,52.34,33.66,31.10,26.10
1048,82.01,53.78,52.34,33.66,31.10,26.10
1050,82.34,53.78,52.34,33.66,31.10,26.19
1052,82.34,53.78,52.34,33.66,31.10,26.28
1054,82.34,53.78,52.34,33.66,31.10,26.37
1056,82.34,53.93,52.49,33.66,31.19,26.28
1058,82.34,53.93,52.49,33.75,31.19,26.19
1060,82.34,53.93,52.49,33.75,31.10,26.28
1062,82.34,53.93,52.49,33.75,31.19,26.19
1064,82.34,53.93,52.49,33.75,31.10,26.19
1066,82.67,54.07,52.49,33.75,31.19,26.19
1068,82.67,54.07,52.49,33.85,31.19,26.10
1070,82.34,54.07,52.63,33.85,31.19,26.19
1072,82.34,54.07,52.63,33.85,31.19,26.19
1074,82.34,54.22,52.63,33.85,31.19,26.10
1076,82.67,54.22,52.63,33.85,31.19,26.10
1078,82.67,54.22,52.63,33.85,31.19,26.02
1080,82.67,54.22,52.77,33.85,31.19,26.02
1083,83.00,54.22,52.77,33.95,31.28,26.02
1085,82.67,54.37,52.77,33.85,31.19,26.10
1087,82.67,54.37,52.77,33.95,31.19,26.28
1089,82.67,54.37,52.91,33.95,31.28,26.28
1091,82.67,54.37,52.91,33.95,31.28,26.37
1093,82.67,54.37,52.91,34.04,31.28,26.37
1095,83.00,54.37,52.91,34.04,31.28,26.37
1097,82.67,54.52,52.91,34.04,31.38,26.28
1099,83.00,54.52,52.91,34.04,31.38,26.28
1101,83.00,54.52,53.06,34.04,31.38,26.28
1103,83.00,54.52,53.06,34.04,31.47,26.19
1105,83.00,54.67,53.06,34.04,31.47,26.10
1107,83.00,54.67,53.06,34.14,31.47,26.02
1109,83.00,54.67,53.06,34.14,31.47,26.02
1111,83.00,54.67,53.06,34.14,31.47,26.02
1113,83.00,54.67,53.06,34.14,31.47,26.02
1115,83.34,54.67,53.06,34.14,31.47,26.02
1117,83.34,54.82,53.06,34.14,31.47,26.02
1119,83.34,54.82,53.20,34.14,31.47,26.10
1121,83.34,54.82,53.06,34.24,31.47,26.19
1123,83.34,54.82,53.06,34.24,31.56,26.28
1125,83.34,54.97,53.06,34.24,31.56,26.19
1127,83.34,54.97,53.20,34.24,31.56,26.28
1129,83.34,54.97,53.20,34.24,31.56,26.19
1131,83.69,54.97,53.06,34.24,31.47,26.02
1133,83.34,54.97,53.20,34.33,31.56,26.10
1135,83.69,54.97,53.20,34.33,31.56,26.02
1137,83.69,54.97,53.20,34.33,31.47,26.10
1140,83.69,55.12,53.20,34.33,31.47,26.10
1142,83.34,55.12,53.20,34.33,31.56,26.28
1144,83.69,55.12,53.20,34.33,31.56,26.28
1146,83.69,55.12,53.20,34.33,31.56,26.28
1148,83.69,55.12,53.34,34.33,31.47,26.19
1150,83.69,55.12,53.20,34.43,31.56,26.19
1152,83.69,55.27,53.34,34.33,31.94,26.19
1154,84.03,55.27,53.34,34.43,31.56,26.19
1156,84.03,55.27,53.34,34.43,31.56,26.28
1158,83.69,55.27,53.34,34.43,31.56,26.10
1160,84.03,55.42,53.34,34.43,31.56,26.19
1162,84.03,55.27,53.34,34.43,31.56,26.28
1164,84.03,55.42,53.34,34.43,31.56,26.28
1166,84.03,55.42,53.49,34.43,31.66,26.28
1168,84.03,55.42,53.49,34.43,31.66,26.19
1170,84.03,55.42,53.49,34.43,31.66,26.02
1172,84.03,55.57,53.49,34.53,31.66,26.02
1174,84.03,55.57,53.49,34.53,31.75,26.10
1176,84.03,55.57,53.49,34.53,31.75,26.10
1178,84.03,55.57,53.49,34.53,31.75,26.19
1180,84.38,55.57,53.63,34.53,31.66,26.10
1182,84.03,55.42,53.63,34.53,31.56,26.19
1184,84.38,55.57,53.63,34.53,31.66,26.19
1186,84.38,55.57,53.63,34.53,31.66,26.28
1188,84.38,55.73,53.78,34.53,31.75,26.19
1190,84.38,55.73,53.78,34.63,31.75,26.10
1192,84.38,55.73,53.63,34.63,31.75,26.19
1194,84.38,55.73,53.63,34.63,31.75,26.37
1197,84.38,55.73,53.63,34.63,31.75,26.19
1199,84.38,55.88,53.78,34.63,31.75,26.28
1201,84.38,55.88,53.78,34.63,31.75,26.28
1203,84.38,55.88,53.78,34.63,31.75,26.28
1205,84.38,55.88,53.78,34.63,31.75,26.28
1207,84.74,55.88,53.78,34.63,31.75,26.19
1209,84.74,55.88,53.78,34.73,31.85,26.19
1211,84.74,56.03,53.78,34.73,31.75,26.19
1213,84.74,56.03,53.78,34.73,31.75,26.02
1215,84.38,56.03,53.78,34.73,31.75,26.10
1217,84.38,56.03,53.78,34.73,31.75,26.10
1219,84.74,56.03,53.93,34.73,31.75,26.28
1221,84.74,56.19,53.63,34.73,31.75,24.96
1223,84.74,56.19,53.93,34.73,31.75,26.28
1225,84.74,56.19,53.93,34.73,31.75,26.19
1227,84.74,56.19,53.93,34.73,31.75,26.10
1229,84.74,56.19,54.07,34.73,31.75,26.19
1231,84.74,56.19,54.07,34.82,31.85,26.28
1233,84.74,56.19,54.07,34.82,31.85,26.19
1235,85.10,56.19,54.07,34.82,31.85,26.19
1237,84.74,56.34,54.07,34.82,31.85,26.10
1239,84.74,56.34,54.22,34.82,31.85,26.19
1241,85.10,56.34,54.22,34.82,31.85,26.28
1243,85.10,56.34,54.22,34.82,31.85,26.10
1245,85.10,56.34,54.22,34.92,31.94,26.19
1247,85.10,56.34,54.22,34.92,31.85,26.28
1249,85.10,56.34,54.22,34.92,31.94,26.19
1251,85.10,56.34,54.22,34.92,31.94,26.37
1253,85.10,56.50,54.22,34.92,32.03,26.37
1256,85.10,56.50,54.22,34.92,32.03,26.37
1258,85.10,56.50,54.37,34.92,32.03,26.37
1260,85.10,56.66,54.37,34.92,32.03,26.37
1262,85.10,56.66,54.37,34.92,32.13,26.37
1264,85.10,56.66,54.37,35.02,32.03,26.37
1266,85.10,56.66,54.37,35.02,32.13,26.46
1268,85.10,56.66,54.37,35.02,32.13,26.46
1270,85.10,56.66,54.37,35.02,32.13,26.37
1272,85.46,56.66,54.37,35.02,32.03,26.55
1274,85.10,56.66,54.37,35.02,32.03,26.64
1276,85.46,56.66,54.37,35.02,32.03,26.55
1278,85.46,56.82,54.37,35.02,32.13,26.55
1280,85.46,56.82,54.37,35.12,32.13,26.64
1282,85.46,56.82,54.52,35.12,32.13,26.64
1284,85.46,56.97,54.52,35.12,32.03,26.91
1286,85.46,56.82,54.37,35.12,32.03,26.82
1288,85.46,56.97,54.52,35.12,32.13,26.91
1290,85.83,56.97,54.37,35.12,32.13,26.91
1292,85.46,56.97,54.37,35.12,32.13,26.82
1294,85.83,56.97,54.52,35.12,32.13,26.64
1296,85.46,56.97,54.52,35.22,32.13,26.55
1298,85.83,56.97,54.52,35.22,32.13,26.55
1300,85.83,57.13,54.52,35.22,32.13,26.64
1302,85.83,56.97,54.52,35.22,32.13,26.64
1304,85.46,57.13,54.52,35.22,32.13,26.64
1306,85.83,57.13,54.52,35.22,32.13,26.55
1308,85.83,57.13,54.52,35.22,32.13,26.46
1310,85.83,57.13,54.52,35.22,32.13,26.55
1313,85.83,57.13,54.52,35.22,32.13,26.55
1315,85.83,57.13,54.52,35.22,32.22,26.46
1317,85.83,57.29,54.52,35.22,32.13,26.46
1319,85.83,57.29,54.52,35.22,32.22,26.37
1321,85.83,57.29,54.67,35.32,32.22,26.28
1323,85.83,57.29,54.67,35.32,32.13,26.28
1325,85.83,57.29,54.67,35.32,32.22,26.28
1327,85.83,57.29,54.67,35.32,32.13,26.19
1329,86.20,57.29,54.67,35.32,32.22,26.28
1331,86.20,57.29,54.82,35.32,32.22,26.37
1333,86.20,57.45,54.67,35.32,32.32,26.19
1335,86.20,57.45,54.82,35.32,32.22,26.28
1337,85.83,57.45,54.82,35.32,32.22,26.28
1339,86.20,57.45,54.82,35.42,32.22,26.28
1341,86.20,57.45,54.82,35.42,32.22,26.28
1343,86.20,57.45,54.82,35.42,32.22,26.37
1345,86.20,57.45,54.82,35.42,32.32,26.55
1347,86.20,57.61,54.97,35.42,32.32,26.82
1349,86.20,57.61,54.82,35.42,32.32,26.82
1351,86.20,57.61,54.97,35.42,32.32,26.64
1353,86.20,57.61,54.97,35.32,32.32,26.73
1355,86.20,57.61,54.82,35.42,32.32,26.64
1357,86.20,57.61,54.97,35.51,32.22,26.73
1359,86.20,57.78,54.97,35.51,32.32,26.73
1361,86.57,57.78,54.97,35.51,32.32,26.73
1363,86.20,57.61,54.97,35.51,32.32,26.64
1365,86.20,57.78,54.97,35.51,32.32,26.55
1367,86.20,57.61,54.97,35.51,32.32,26.64
1370,86.57,57.78,54.97,35.51,32.41,26.55
1372,86.57,57.94,54.97,35.51,32.41,26.73
1374,86.57,57.78,55.12,35.51,32.41,26.91
1376,86.20,57.94,55.12,35.51,32.41,27.17
1378,86.57,57.78,55.12,35.51,32.41,27.08
1380,86.57,57.94,55.12,35.61,32.41,26.91
1382,86.57,57.94,55.12,35.61,32.41,27.62
1384,86.57,57.94,55.12,35.61,32.41,26.99
1386,86.57,57.94,55.12,35.71,32.51,27.17
1388,86.57,58.10,55.27,35.61,32.51,27.17
1390,86.95,58.10,55.12,35.71,32.41,27.08
1392,86.57,57.94,55.27,35.61,32.41,26.99
1394,86.57,58.10,55.27,35.71,32.41,26.91
1396,86.95,58.10,55.27,35.71,32.41,26.55
1398,86.57,58.10,55.27,35.71,32.41,26.73
1400,86.95,58.10,55.27,35.71,32.41,26.64
1402,86.57,58.10,55.27,35.71,32.41,26.64
1404,86.95,58.27,55.27,35.71,32.41,25.48
1406,86.95,58.27,55.27,35.71,32.41,26.64
1408,86.57,58.27,55.42,35.71,32.51,26.28
1410,86.95,58.27,55.42,35.81,32.51,26.37
1412,86.95,58.27,55.42,35.81,32.51,26.37
1414,86.95,58.27,55.42,35.81,32.41,26.46
1416,86.95,58.27,55.57,35.81,32.60,26.46
1418,86.95,58.27,55.57,35.81,32.60,26.55
1420,86.95,58.27,55.57,35.81,32.60,26.64
1422,86.95,58.43,55.57,35.81,32.70,26.73
1424,86.95,58.43,55.57,35.81,32.60,26.64
1427,86.95,58.43,55.57,35.91,32.60,26.64
1429,86.95,58.43,55.57,35.91,32.70,26.64
1431,86.95,58.43,55.57,35.91,32.60,26.55
1433,86.95,58.43,55.57,35.91,32.60,26.64
1435,86.95,58.43,55.73,35.61,32.60,26.73
1437,87.33,58.60,55.57,35.91,32.60,26.91
1439,87.33,58.60,55.73,35.91,32.60,26.82
1441,86.95,58.60,55.73,36.01,32.70,26.82
1443,87.33,58.60,55.73,35.91,32.70,26.64
1445,87.33,58.60,55.73,36.01,32.70,26.91
1447,87.33,58.60,55.88,36.01,32.70,26.55
1449,87.33,58.60,55.73,36.01,32.70,26.37
1451,87.33,58.76,55.88,36.01,32.79,26.28
1453,87.33,58.60,55.88,36.01,32.79,26.37
1455,87.33,58.76,55.88,36.01,32.89,26.37
1457,87.33,58.76,55.88,36.01,32.79,26.37
1459,87.33,58.76,55.88,36.11,32.98,26.37
1461,87.33,58.76,55.88,36.11,32.89,26.46
1463,87.33,58.76,55.88,36.11,32.89,26.64
1465,87.33,58.76,55.88,36.11,32.89,26.82
1467,87.33,58.93,55.88,36.11,32.89,26.99
1469,87.33,58.93,56.03,36.11,32.89,26.91
1471,87.72,58.93,56.03,36.11,32.89,26.82
1473,87.72,58.93,56.03,36.11,32.89,26.82
1475,87.33,58.93,56.03,36.21,32.89,26.73
1477,87.72,58.93,56.03,36.21,32.98,26.82
1479,87.72,58.93,56.03,36.21,32.98,26.73
1481,87.72,58.93,56.03,36.21,32.98,26.82
1484,87.72,59.10,56.03,36.21,32.98,26.82
1486,87.72,59.10,56.03,36.21,32.98,26.82
1488,87.72,59.10,56.03,36.21,32.98,26.99
1490,87.72,59.10,56.19,36.31,32.98,26.99
1492,87.72,59.10,56.19,36.31,32.98,27.08
1494,87.72,59.10,56.19,36.31,33.08,26.91
1496,87.72,59.10,56.19,36.31,33.08,26.82
1498,87.72,58.93,56.19,36.31,33.08,26.82
1500,87.72,59.27,56.19,36.31,33.08,26.82
1502,87.72,59.27,56.19,36.41,33.08,26.82
1504,87.72,59.27,56.34,36.41,33.08,26.82
1506,87.72,59.27,56.34,36.41,33.08,26.91
1508,87.72,59.27,56.34,36.41,33.08,26.91
1510,88.11,59.27,56.34,36.41,33.08,26.82
1512,88.11,59.27,56.34,36.41,33.08,26.99
1514,88.11,59.27,56.34,36.41,33.08,26.82
1516,88.11,59.43,56.34,36.41,33.08,26.64
1518,88.11,59.43,56.50,36.41,33.08,26.64
1520,88.11,59.43,56.34,36.41,33.08,26.55
1522,88.11,59.43,56.50,36.51,33.08,26.55
1524,88.11,59.43,56.50,36.51,33.08,26.46
1526,88.11,59.43,56.50,36.51,33.08,26.46
1528,88.11,59.43,56.50,36.51,33.08,26.37
1530,88.11,59.43,56.50,36.51,33.08,26.28
1532,88.11,59.43,56.50,36.51,33.08,26.37
1534,88.11,59.43,56.50,36.51,33.08,26.37
1536,88.11,59.60,56.50,36.51,32.98,26.37
1538,88.11,59.60,56.50,36.51,33.08,26.37
1541,88.11,59.60,56.50,36.51,32.98,26.37
1543,88.11,59.60,56.50,36.51,33.08,26.28
1545,88.51,59.60,56.50,36.51,33.08,26.64
1547,88.11,59.60,56.50,36.62,33.08,26.28
1549,88.11,59.60,56.50,36.62,33.08,26.28
1551,88.11,59.60,56.66,36.51,33.08,26.19
1553,88.51,59.60,56.19,36.62,33.08,26.46
1555,88.51,59.60,56.66,36.62,33.08,26.37
1557,88.51,59.60,56.66,36.62,33.18,26.28
1559,88.11,59.60,56.66,36.62,33.18,26.37
1561,88.51,59.78,56.66,36.62,33.18,26.19
1563,88.11,59.78,56.66,36.62,33.18,26.28
1565,88.11,59.78,56.66,36.62,33.18,26.37
1567,88.51,59.78,56.66,36.62,33.18,26.37
1569,88.11,59.78,56.66,36.62,33.18,26.46
1571,88.51,59.78,56.66,36.62,33.18,26.46
1573,88.51,59.78,56.66,36.62,33.18,26.73
1575,88.51,59.78,56.66,36.62,33.18,26.64
1577,88.51,59.95,56.50,36.62,33.18,26.55
1579,88.51,59.78,56.66,36.72,33.18,26.37
1581,88.51,59.95,56.66,36.62,33.18,26.37
1583,88.51,59.95,56.66,36.72,33.18,26.46
1585,88.51,59.95,56.66,36.72,33.08,26.46
1587,88.51,59.95,56.66,36.72,33.18,26.37
1589,88.11,59.95,56.66,36.72,33.08,26.28
1591,88.51,59.95,56.66,36.72,33.18,26.28
1593,88.11,59.95,56.82,36.72,33.18,26.28
1595,88.51,59.95,56.82,36.72,33.18,26.28
1598,88.51,59.95,56.82,36.72,33.18,26.28
1600,88.51,59.95,56.82,36.72,33.18,26.37
1602,88.51,59.95,56.82,36.72,33.18,26.46
1604,88.51,60.12,56.82,36.72,33.27,26.37
1606,88.51,60.12,56.82,36.82,33.27,26.55
1608,88.51,60.12,56.82,36.82,33.27,26.55
1610,88.91,60.12,56.82,36.82,33.27,26.64
1612,88.51,60.12,56.82,36.82,33.27,26.82
1614,88.51,60.12,56.97,36.82,33.27,26.91
1616,88.51,60.12,56.82,36.82,33.27,26.82
1618,88.91,60.12,56.82,36.82,33.27,26.64
1620,88.91,60.29,56.82,36.82,33.27,26.73
1622,88.91,60.12,56.97,36.82,33.27,26.82
1624,88.91,60.29,56.97,36.92,33.37,26.73
1626,88.91,60.29,56.97,36.92,33.37,26.73
1628,88.91,60.29,56.97,36.92,33.37,26.64
1630,88.91,60.29,56.97,36.92,33.37,26.73
1632,88.91,60.29,56.97,36.92,33.37,26.64
1634,88.91,60.29,57.13,36.92,33.37,26.55
1636,88.51,60.29,57.13,36.92,33.37,26.64
1638,88.91,60.29,57.13,36.92,33.37,26.55
1640,88.91,60.29,57.13,36.92,33.37,26.82
1642,88.91,60.29,57.13,36.92,33.37,26.64
1644,88.91,60.47,57.13,36.92,33.37,26.64
1646,88.91,60.47,57.13,36.92,33.37,26.37
1648,89.32,60.47,57.13,37.02,33.37,26.73
1650,88.91,60.47,56.97,37.02,33.37,26.73
1652,88.91,60.47,57.13,37.02,33.37,26.64
1655,89.32,60.47,57.13,37.02,33.37,26.55
1657,89.32,60.47,57.13,37.02,33.37,26.55
1659,89.32,60.47,57.13,37.02,33.37,26.55
1661,89.32,60.47,57.29,37.02,33.37,26.46
1663,89.32,60.64,57.29,37.02,33.46,26.46
1665,89.32,60.64,57.29,37.02,33.46,26.46
1667,89.32,60.64,57.29,37.02,33.46,26.28
1669,89.32,60.47,57.29,37.02,33.46,26.46
1671,89.32,60.64,57.29,37.12,33.46,26.37
1673,89.32,60.64,57.45,37.12,33.46,26.37
1675,89.32,60.64,57.45,37.12,33.46,26.37
1677,89.32,60.64,57.45,37.12,33.66,26.28
1679,89.32,60.64,57.45,37.12,33.46,26.28
1681,89.32,60.82,57.45,37.12,33.46,26.28
1683,89.32,60.64,57.45,37.12,33.56,26.28
1685,89.32,60.82,57.61,37.12,33.46,26.28
1687,89.32,60.82,57.61,37.12,33.56,26.28
1689,89.32,60.82,57.61,37.12,33.56,26.19
1691,89.32,60.64,57.61,37.12,33.56,26.02
1693,89.32,60.82,57.61,37.22,33.56,26.19
1695,89.73,60.82,57.61,37.22,33.66,26.02
1697,89.73,60.82,57.45,37.22,33.66,26.10
1699,89.32,60.82,57.45,37.22,33.56,26.10
1701,89.32,60.82,57.45,37.22,33.56,26.19
1703,89.73,60.82,57.45,37.22,33.56,26.10
1705,89.73,60.82,57.45,37.22,33.56,26.28
1707,89.32,60.82,57.45,37.22,33.46,26.46
1709,89.32,60.82,57.45,37.22,33.46,26.46
1711,89.32,60.99,57.45,37.12,33.56,26.46
1714,89.73,60.82,57.45,37.22,33.46,26.37
1716,89.73,60.99,57.61,37.22,33.56,26.37
1718,89.32,60.99,57.45,37.22,33.56,26.37
1720,89.32,60.99,57.61,37.22,33.56,26.37
1722,89.73,60.82,57.61,37.22,33.46,26.28
1724,89.73,60.99,57.61,37.22,33.56,26.28
1726,89.73,60.99,57.61,37.22,33.56,26.19
1728,89.73,60.99,57.61,37.22,33.56,26.19
1730,89.32,60.99,57.61,37.22,33.56,26.28
1732,89.73,60.99,57.61,37.22,33.56,26.28
1734,89.73,60.99,57.61,37.22,33.56,26.28
1736,89.73,60.99,57.61,37.22,33.56,26.28
1738,89.32,60.99,57.61,37.22,33.56,26.28
1740,89.73,60.99,57.78,37.22,33.66,26.19
1742,89.73,60.99,57.78,37.22,33.66,26.19
1744,89.73,61.17,57.78,37.33,33.66,26.28
1746,89.73,61.17,57.78,37.33,33.75,26.37
1748,90.15,61.17,57.78,37.12,33.75,26.37
1750,89.32,61.17,57.78,37.33,33.75,26.28
1752,89.73,61.17,57.94,37.33,33.85,26.37
1754,89.73,61.17,57.94,37.33,33.85,26.28
1756,89.73,61.17,57.94,37.33,33.85,26.19
1758,89.73,61.17,57.94,37.33,33.85,26.19
1760,89.73,61.17,57.94,37.33,33.85,26.19
1762,90.15,61.17,57.94,37.33,33.85,26.10
1764,89.73,61.17,57.94,37.33,33.66,26.10
1766,90.15,61.17,57.94,37.43,33.95,26.10
1768,89.73,61.35,58.10,37.33,33.85,26.10
1771,90.15,61.35,57.94,37.43,33.85,26.19
1773,89.73,61.35,57.94,37.43,33.85,26.10
1775,90.15,61.35,58.10,37.43,33.85,26.10
1777,90.15,61.35,58.10,37.43,33.85,26.10
1779,89.73,61.17,58.10,37.43,33.85,26.10
1781,90.15,61.35,58.10,37.43,33.85,26.10
1783,90.15,61.35,58.10,37.53,33.85,26.10
1785,90.15,61.35,58.10,37.43,33.75,26.10
1787,90.15,61.35,58.10,37.43,33.95,26.10
1789,90.15,61.35,58.10,37.53,33.95,26.10
1791,90.15,61.53,58.10,37.53,33.95,26.10
1793,89.73,61.53,58.10,37.53,33.95,26.19
1795,90.15,61.35,58.10,37.53,33.95,26.19
1797,89.73,61.53,58.10,37.53,33.95,26.19
1799,90.15,61.35,58.10,37.53,33.95,26.19
1801,90.15,61.35,58.10,37.53,33.95,26.19
1803,90.15,61.35,58.10,37.53,33.95,26.02
1805,90.15,61.53,58.27,37.53,33.95,26.19
1807,90.15,61.53,58.27,37.53,33.95,26.19
1809,90.15,61.53,58.10,37.53,33.95,26.19
1811,90.15,61.53,58.27,37.53,33.95,25.84
1813,90.15,61.53,58.27,37.63,33.95,26.19
1815,90.15,61.53,58.27,37.53,33.95,26.02
1817,90.15,61.53,58.27,37.53,33.95,26.10
1819,90.15,61.53,58.27,37.63,33.95,26.10
1821,90.57,61.53,58.27,37.63,33.95,26.02
1823,90.15,61.53,58.27,37.63,33.85,26.10
1825,90.57,61.35,58.43,37.63,33.85,26.02
1828,90.57,61.53,58.43,37.63,33.95,25.93
1830,90.57,61.53,58.43,37.63,33.95,26.02
1832,90.15,61.53,58.43,37.63,33.95,26.02
1834,90.57,61.71,58.43,37.63,33.95,26.19
1836,90.57,61.71,58.43,37.63,33.95,26.19
1838,90.15,61.53,58.43,37.63,34.04,26.19
1840,90.57,61.71,58.43,37.63,34.04,26.19
1842,90.57,61.71,58.43,37.63,34.04,26.10
1844,90.15,61.71,58.43,37.74,34.04,26.19
1846,90.57,61.53,58.60,37.63,33.95,26.19
1848,90.57,61.71,58.60,37.63,33.85,26.10
1850,90.57,61.71,58.76,37.63,33.95,26.10
1852,90.57,61.71,58.60,37.74,33.95,26.02
1854,90.57,61.71,58.60,37.74,34.04,26.02
1856,91.00,61.53,58.60,37.74,34.04,26.02
1858,90.57,61.71,58.60,37.74,33.95,26.02
1860,90.57,61.71,58.60,37.74,34.04,26.19
1862,90.57,61.71,58.60,37.74,34.04,26.10
1864,90.57,61.71,58.60,37.74,34.04,26.19
1866,90.57,61.71,58.60,37.43,34.04,26.10
1868,90.57,61.71,58.60,37.74,33.95,26.10
1870,91.00,61.71,58.76,37.74,33.95,26.10
1872,90.57,61.71,58.76,37.74,33.95,26.02
1874,90.57,61.71,58.76,37.74,33.95,25.93
1876,90.57,61.71,58.60,37.74,33.95,25.93
1878,90.57,61.71,58.76,37.74,33.95,26.02
1880,90.57,61.71,58.76,37.74,33.95,26.02
1882,90.57,61.71,58.76,37.74,33.95,26.10
1885,90.57,61.71,58.76,37.74,33.95,25.93
1887,91.00,61.71,58.76,37.74,33.95,25.93
1889,90.57,61.71,58.76,37.74,33.95,26.02
1891,90.57,61.71,58.76,37.84,34.04,25.84
1893,90.57,61.71,58.76,37.84,34.04,25.84
1895,90.57,61.71,58.76,37.74,34.04,25.84
1897,91.00,61.89,58.76,37.84,34.04,26.02
1899,91.00,61.89,58.76,37.84,34.04,25.75
1901,91.00,61.89,58.76,37.84,34.14,25.93
1903,91.00,61.89,58.76,37.84,34.04,25.93
1905,91.00,61.89,58.76,37.84,34.04,25.84
1907,91.00,61.89,58.76,37.84,33.95,25.84
1909,91.00,61.89,58.93,37.84,34.04,25.84
1911,91.00,61.89,58.93,37.84,34.04,25.84
1913,91.00,61.89,58.76,37.84,33.95,25.93
1915,91.00,61.89,58.93,37.84,34.04,25.93
1917,90.57,61.89,58.93,37.84,33.95,26.10
1919,91.00,61.89,58.93,37.84,33.95,26.02
1921,91.00,61.89,58.93,37.84,33.95,26.10
1923,91.00,61.89,58.93,37.84,34.04,25.93
1925,91.00,61.89,58.93,37.84,34.04,25.93
1927,91.00,61.89,58.93,37.84,34.04,26.02
1929,91.00,61.89,58.93,37.84,34.14,26.02
1931,91.00,61.89,58.93,37.94,34.04,25.93
1933,91.00,61.89,58.93,37.94,33.95,26.02
1935,91.00,61.89,58.93,37.94,34.14,25.93
1937,91.00,61.89,58.93,37.94,34.04,25.93
1939,91.00,62.07,58.93,37.94,34.04,25.93
1942,91.00,62.07,58.93,37.94,34.04,26.02
1944,91.00,61.89,59.10,38.05,34.04,25.93
1946,91.43,61.89,59.10,37.94,34.04,25.93
1948,91.00,61.89,59.10,37.94,34.04,25.84
1950,91.00,62.07,59.10,37.94,34.04,25.84
1952,91.43,61.89,59.10,37.94,34.04,25.84
1954,91.00,62.07,59.10,37.94,34.14,25.93
1956,91.00,62.07,58.76,37.94,34.14,26.10
1958,91.00,62.07,58.93,37.94,34.14,25.93
1960,91.43,62.07,59.10,37.94,34.14,25.84
1962,91.00,62.07,59.10,37.94,34.14,25.84
1964,91.00,62.07,59.10,37.94,34.14,25.84
1966,91.00,62.07,58.93,37.94,34.24,25.75
1968,91.00,62.07,59.10,37.94,34.14,25.84
1970,91.00,62.07,59.10,37.94,34.43,25.84
1972,91.43,62.07,59.10,37.94,34.04,25.66
1974,91.43,62.07,59.10,37.94,34.14,25.66
1976,91.43,62.07,59.10,37.94,34.14,25.75
1978,91.00,62.07,59.10,37.94,34.24,25.75
1980,91.00,62.07,59.10,38.15,34.24,25.84
1982,91.43,62.07,59.10,37.94,34.24,25.84
1984,91.43,62.07,59.10,37.94,34.33,25.84
1986,91.43,62.07,59.27,38.05,34.24,25.84
1988,91.43,62.07,59.27,38.05,34.24,25.84
1990,91.00,62.26,59.10,38.05,34.24,25.75
1992,91.00,62.07,59.27,37.94,34.14,25.75
1994,91.00,62.26,59.27,38.05,34.14,25.75
1996,91.43,62.07,59.27,38.05,34.14,25.75
1999,91.00,62.07,59.27,38.05,34.14,25.66
2001,91.43,62.07,59.27,38.05,34.14,25.84
2003,91.43,62.07,59.27,38.05,34.14,25.84
2005,91.43,62.07,59.27,38.05,34.14,25.75
2007,91.87,62.07,59.43,38.05,34.04,25.75
2009,91.43,62.07,59.43,37.94,34.04,25.66
2011,91.43,62.26,59.27,38.05,34.04,25.40
2013,91.43,62.07,59.43,38.05,34.14,25.66
2015,91.43,62.26,59.27,38.05,34.24,25.40
2017,91.43,62.26,59.27,38.05,34.24,25.57
2019,91.43,62.26,59.27,38.05,34.24,25.57
2021,91.43,62.26,59.27,38.05,34.33,25.66
2023,91.43,62.26,59.27,38.05,34.24,25.66
2025,91.43,62.26,59.27,38.05,34.33,25.75
2027,91.43,62.26,59.27,38.05,34.24,25.84
2029,91.43,62.26,59.27,38.05,34.24,25.66
2031,91.43,62.26,59.43,38.05,34.24,25.66
2033,91.43,62.26,59.43,38.05,34.24,25.66
2035,91.43,62.26,59.43,38.05,34.14,25.66
2037,91.43,62.44,59.43,38.05,34.24,25.66
2039,91.43,62.26,59.43,38.15,34.33,25.57
2041,91.87,62.26,59.43,38.15,34.43,25.66
2043,91.43,62.44,59.43,38.15,34.24,25.48
2045,91.43,62.26,59.43,38.05,34.24,25.66
2047,91.43,62.44,59.43,38.15,34.24,25.66
2049,91.43,62.44,59.43,37.94,34.24,25.57
2051,91.43,62.44,59.43,38.05,34.33,25.57
2053,91.43,62.26,59.43,38.15,34.33,25.57
2056,91.43,62.44,59.43,38.15,34.33,25.57
2058,91.87,62.44,59.43,38.15,34.33,25.57
2060,91.43,62.44,59.43,38.15,34.33,25.57
2062,91.43,62.44,59.43,38.15,34.33,25.57
2064,91.43,62.26,59.43,38.15,34.24,25.57
2066,91.87,62.44,59.60,38.15,34.24,25.22
2068,91.87,62.44,59.43,38.15,34.24,25.48
2070,91.87,62.44,59.43,38.15,34.24,25.13
2072,91.43,62.44,59.43,38.15,34.24,25.57
2074,91.87,62.44,59.43,38.15,34.24,25.66
2076,91.87,62.44,59.43,38.15,34.24,25.66
2078,91.43,62.44,59.60,38.15,34.33,25.57
2080,91.43,62.62,59.60,38.25,34.33,25.66
2082,91.43,62.44,59.60,38.25,34.33,25.66
2084,91.43,62.44,59.60,38.15,34.33,25.57
2086,91.87,62.44,59.60,38.15,34.33,25.57
2088,91.43,62.62,59.43,38.15,34.33,25.57
2090,91.43,62.62,59.60,38.15,34.33,25.13
2092,91.87,62.44,59.60,38.15,34.33,25.57
2094,91.87,62.62,59.60,38.25,34.33,25.57
2096,91.87,62.62,59.60,38.25,34.24,25.48
2098,91.87,62.62,59.60,38.25,34.33,25.48
2100,91.87,62.62,59.60,38.15,34.24,25.48
2102,91.87,62.62,59.60,38.15,34.24,25.48
2104,91.87,62.62,59.78,38.25,34.24,25.48
2106,91.87,62.62,59.60,38.25,34.24,25.57
2108,91.87,62.62,59.78,38.15,34.24,25.57
2110,91.87,62.62,59.60,38.15,34.24,25.57
2112,91.87,62.62,59.60,38.25,34.24,25.57
2115,91.87,62.62,59.78,38.25,34.24,25.48
2117,91.87,62.62,59.60,38.25,34.24,25.48
2119,91.43,62.62,59.60,38.25,34.33,25.57
2121,91.87,62.62,59.60,38.25,34.33,25.57
2123,91.87,62.62,59.60,38.25,34.43,25.66
2125,91.87,62.62,59.60,38.25,34.33,25.40
2127,91.87,62.62,59.60,38.25,34.33,25.57
2129,91.87,62.62,59.60,38.25,34.33,25.57
2131,91.87,62.62,59.60,38.25,34.33,25.75
2133,91.87,62.62,59.60,38.25,34.33,25.66
2135,91.87,62.62,59.78,38.25,34.33,25.66
